赤﨑,*,*,*,名詞,固有名詞,人名,姓,*,*,*,アカザキ,アカザキ
石﨑,*,*,*,名詞,固有名詞,人名,姓,*,*,*,イシザキ,イシザキ
岩﨑,*,*,*,名詞,固有名詞,人名,姓,*,*,*,イワサキ,イワサキ
大﨑,*,*,*,名詞,固有名詞,人名,姓,*,*,*,オオサキ,オオサキ
岡﨑,*,*,*,名詞,固有名詞,人名,姓,*,*,*,オカザキ,オカザキ
尾﨑,*,*,*,名詞,固有名詞,人名,姓,*,*,*,オザキ,オザキ
川﨑,*,*,*,名詞,固有名詞,人名,姓,*,*,*,カワサキ,カワサキ
白﨑,*,*,*,名詞,固有名詞,人名,姓,*,*,*,シロサキ,シロサキ
城﨑,*,*,*,名詞,固有名詞,人名,姓,*,*,*,シロサキ,シロサキ
津留﨑,*,*,*,名詞,固有名詞,人名,姓,*,*,*,ツルサキ,ツルサキ
鶴﨑,*,*,*,名詞,固有名詞,人名,姓,*,*,*,ツルサキ,ツルサキ
濱﨑,*,*,*,名詞,固有名詞,人名,姓,*,*,*,ハマサキ,ハマサキ
浜﨑,*,*,*,名詞,固有名詞,人名,姓,*,*,*,ハマサキ,ハマサキ
中﨑,*,*,*,名詞,固有名詞,人名,姓,*,*,*,ナカザキ,ナカザキ
野﨑,*,*,*,名詞,固有名詞,人名,姓,*,*,*,ノザキ,ノザキ
松﨑,*,*,*,名詞,固有名詞,人名,姓,*,*,*,マツザキ,マツザキ
宮﨑,*,*,*,名詞,固有名詞,人名,姓,*,*,*,ミヤザキ,ミヤザキ
矢﨑,*,*,*,名詞,固有名詞,人名,姓,*,*,*,ヤザキ,ヤザキ
矢﨑,*,*,*,名詞,固有名詞,人名,姓,*,*,*,ヤサキ,ヤサキ
山﨑,*,*,*,名詞,固有名詞,人名,姓,*,*,*,ヤマザキ,ヤマザキ
山﨑,*,*,*,名詞,固有名詞,人名,姓,*,*,*,ヤマサキ,ヤマサキ
吉﨑,*,*,*,名詞,固有名詞,人名,姓,*,*,*,ヨシザキ,ヨシザキ
𠮷川,*,*,*,名詞,固有名詞,人名,姓,*,*,*,キッカワ,キッカワ
𠮷川,*,*,*,名詞,固有名詞,人名,姓,*,*,*,ヨシカワ,ヨシカワ
𠮷崎,*,*,*,名詞,固有名詞,人名,姓,*,*,*,ヨシザキ,ヨシザキ
𠮷沢,*,*,*,名詞,固有名詞,人名,姓,*,*,*,ヨシザワ,ヨシザワ
𠮷澤,*,*,*,名詞,固有名詞,人名,姓,*,*,*,ヨシザワ,ヨシザワ
𠮷住,*,*,*,名詞,固有名詞,人名,姓,*,*,*,ヨシズミ,ヨシズミ
𠮷田,*,*,*,名詞,固有名詞,人名,姓,*,*,*,ヨシダ,ヨシダ
𠮷野,*,*,*,名詞,固有名詞,人名,姓,*,*,*,ヨシノ,ヨシノ
𠮷見,*,*,*,名詞,固有名詞,人名,姓,*,*,*,ヨシミ,ヨシミ
𠮷持,*,*,*,名詞,固有名詞,人名,姓,*,*,*,ヨシモチ,ヨシモチ
髙井,*,*,*,名詞,固有名詞,人名,姓,*,*,*,タカイ,タカイ
髙尾,*,*,*,名詞,固有名詞,人名,姓,*,*,*,タカオ,タカオ
髙木,*,*,*,名詞,固有名詞,人名,姓,*,*,*,タカギ,タカギ
髙澤,*,*,*,名詞,固有名詞,人名,姓,*,*,*,タカザワ,タカザワ
髙島,*,*,*,名詞,固有名詞,人名,姓,*,*,*,タカシマ,タカシマ
髙嶋,*,*,*,名詞,固有名詞,人名,姓,*,*,*,タカシマ,タカシマ
髙城,*,*,*,名詞,固有名詞,人名,姓,*,*,*,タカジョウ,タカジョー
髙瀬,*,*,*,名詞,固有名詞,人名,姓,*,*,*,タカセ,タカセ
髙田,*,*,*,名詞,固有名詞,人名,姓,*,*,*,タカダ,タカダ
髙津,*,*,*,名詞,固有名詞,人名,姓,*,*,*,タカツ,タカツ
髙梨,*,*,*,名詞,固有名詞,人名,姓,*,*,*,タカナシ,タカナシ
髙野,*,*,*,名詞,固有名詞,人名,姓,*,*,*,タカノ,タカノ
髙橋,*,*,*,名詞,固有名詞,人名,姓,*,*,*,タカハシ,タカハシ
髙𣘺,*,*,*,名詞,固有名詞,人名,姓,*,*,*,タカハシ,タカハシ
髙畑,*,*,*,名詞,固有名詞,人名,姓,*,*,*,タカハタ,タカハタ
髙畠,*,*,*,名詞,固有名詞,人名,姓,*,*,*,タカハタ,タカハタ
髙濱,*,*,*,名詞,固有名詞,人名,姓,*,*,*,タカハマ,タカハマ
濱髙,*,*,*,名詞,固有名詞,人名,姓,*,*,*,ハマタカ,ハマタカ
髙濵,*,*,*,名詞,固有名詞,人名,姓,*,*,*,タカハマ,タカハマ
濵髙,*,*,*,名詞,固有名詞,人名,姓,*,*,*,ハマタカ,ハマタカ
髙萩,*,*,*,名詞,固有名詞,人名,姓,*,*,*,タカハギ,タカハギ
髙部,*,*,*,名詞,固有名詞,人名,姓,*,*,*,タカベ,タカベ
髙松,*,*,*,名詞,固有名詞,人名,姓,*,*,*,タカマツ,タカマツ
髙嶺,*,*,*,名詞,固有名詞,人名,姓,*,*,*,タカミネ,タカミネ
髙見澤,*,*,*,名詞,固有名詞,人名,姓,*,*,*,タカミザワ,タカミザワ
髙村,*,*,*,名詞,固有名詞,人名,姓,*,*,*,タカムラ,タカムラ
髙山,*,*,*,名詞,固有名詞,人名,姓,*,*,*,タカヤマ,タカヤマ
藤髙,*,*,*,名詞,固有名詞,人名,姓,*,*,*,フジタカ,フジタカ
𡈽井,*,*,*,名詞,固有名詞,人名,姓,*,*,*,ドイ,ドイ
𡈽肥,*,*,*,名詞,固有名詞,人名,姓,*,*,*,ドイ,ドイ
𡈽居,*,*,*,名詞,固有名詞,人名,姓,*,*,*,ドイ,ドイ
圡井,*,*,*,名詞,固有名詞,人名,姓,*,*,*,ドイ,ドイ
圡肥,*,*,*,名詞,固有名詞,人名,姓,*,*,*,ドイ,ドイ
圡居,*,*,*,名詞,固有名詞,人名,姓,*,*,*,ドイ,ドイ
村瀨,*,*,*,名詞,固有名詞,人名,姓,*,*,*,ムラセ,ムラセ
廣瀨,*,*,*,名詞,固有名詞,人名,姓,*,*,*,ヒロセ,ヒロセ
小瀨村,*,*,*,名詞,固有名詞,人名,姓,*,*,*,コセムラ,コセムラ
古瀨村,*,*,*,名詞,固有名詞,人名,姓,*,*,*,コセムラ,コセムラ
濵,*,*,*,名詞,固有名詞,人名,姓,*,*,*,ハマ,ハマ
濵田,*,*,*,名詞,固有名詞,人名,姓,*,*,*,ハマタ,ハマタ
濵田,*,*,*,名詞,固有名詞,人名,姓,*,*,*,ハマダ,ハマダ
濵矢,*,*,*,名詞,固有名詞,人名,姓,*,*,*,ハマヤ,ハマヤ
濵屋,*,*,*,名詞,固有名詞,人名,姓,*,*,*,ハマヤ,ハマヤ
桒原,*,*,*,名詞,固有名詞,人名,姓,*,*,*,クワハラ,クワハラ
岩崎,*,*,*,名詞,固有名詞,人名,姓,*,*,*,イワザキ,イワザキ
八百板,*,*,*,名詞,固有名詞,人名,姓,*,*,*,ヤオイタ,ヤオイタ
高城,*,*,*,名詞,固有名詞,人名,姓,*,*,*,タカジョウ,タカジョー
上里,*,*,*,名詞,固有名詞,人名,姓,*,*,*,カミザト,カミザト
神里,*,*,*,名詞,固有名詞,人名,姓,*,*,*,カミザト,カミザト
馬場,*,*,*,名詞,固有名詞,人名,姓,*,*,*,バンバ,バンバ
尾仲,*,*,*,名詞,固有名詞,人名,姓,*,*,*,オナカ,オナカ
城崎,*,*,*,名詞,固有名詞,人名,姓,*,*,*,シロサキ,シロサキ
長野,*,*,*,名詞,固有名詞,人名,姓,*,*,*,チョウノ,チョーノ
福,*,*,*,名詞,固有名詞,人名,姓,*,*,*,フク,フク
垣越,*,*,*,名詞,固有名詞,人名,姓,*,*,*,カキゴシ,カキゴシ
根尾,*,*,*,名詞,固有名詞,人名,姓,*,*,*,ネオ,ネオ
三ツ俣,*,*,*,名詞,固有名詞,人名,姓,*,*,*,ミツマタ,ミツマタ
堂上,*,*,*,名詞,固有名詞,人名,姓,*,*,*,ドノウエ,ドノウエ
勝連,*,*,*,名詞,固有名詞,人名,姓,*,*,*,カツレン,カツレン
引地,*,*,*,名詞,固有名詞,人名,姓,*,*,*,ヒキジ,ヒキジ
三家,*,*,*,名詞,固有名詞,人名,姓,*,*,*,ミケ,ミケ
東明,*,*,*,名詞,固有名詞,人名,姓,*,*,*,トウメイ,トウメイ
前,*,*,*,名詞,固有名詞,人名,姓,*,*,*,マエ,マエ
寒竹,*,*,*,名詞,固有名詞,人名,姓,*,*,*,カンタケ,カンタケ
赤土,*,*,*,名詞,固有名詞,人名,姓,*,*,*,セキド,セキド
根東,*,*,*,名詞,固有名詞,人名,姓,*,*,*,コンドウ,コンドウ
薄,*,*,*,名詞,固有名詞,人名,姓,*,*,*,ススキ,ススキ
道原,*,*,*,名詞,固有名詞,人名,姓,*,*,*,ドウハラ,ドウハラ
鵤,*,*,*,名詞,固有名詞,人名,姓,*,*,*,イカルガ,イカルガ
斑鳩,*,*,*,名詞,固有名詞,人名,姓,*,*,*,イカルガ,イカルガ
𩵋返,*,*,*,名詞,固有名詞,人名,姓,*,*,*,オガエリ,オガエリ
𩵋屋,*,*,*,名詞,固有名詞,人名,姓,*,*,*,サカナヤ,サカナヤ
正中,*,*,*,名詞,固有名詞,人名,姓,*,*,*,ショウナカ,ショーナカ
中東,*,*,*,名詞,固有名詞,人名,姓,*,*,*,ナカヒガシ,ナカヒガシ
中務,*,*,*,名詞,固有名詞,人名,姓,*,*,*,ナカツカ,ナカツカ
狩俣,*,*,*,名詞,固有名詞,人名,姓,*,*,*,カリマタ,カリマタ
楯,*,*,*,名詞,固有名詞,人名,姓,*,*,*,タテ,タエ
伊集,*,*,*,名詞,固有名詞,人名,姓,*,*,*,イジュウ,イジュー
薦田,*,*,*,名詞,固有名詞,人名,姓,*,*,*,コマダ,コマダ
桐畑,*,*,*,名詞,固有名詞,人名,姓,*,*,*,キリハタ,キリハタ
六反,*,*,*,名詞,固有名詞,人名,姓,*,*,*,ロクタン,ロクタン
一美,*,*,*,名詞,固有名詞,人名,姓,*,*,*,イチミ,イチミ
三幸,*,*,*,名詞,固有名詞,人名,姓,*,*,*,ミユキ,ミユキ
新里,*,*,*,名詞,固有名詞,人名,姓,*,*,*,シンザト,シンザト
清武,*,*,*,名詞,固有名詞,人名,姓,*,*,*,キヨタケ,キヨタケ
弓場,*,*,*,名詞,固有名詞,人名,姓,*,*,*,ユミバ,ユミバ
